Workbook

Sheet Start Here
B1: ServiceNow Instance Security Scorecard
B2: A self-assessment of your instance's security posture
B3: Prepared by Jeffrey Bella II
B4: Connect on LinkedIn: linkedin.com/in/jeffrey-bella-965873112
B5: How to use
B6: 1. Go to the Scorecard tab. For each control, set Maturity (0-3) in the yellow column.
B7: 2. Use Owner and Notes / Evidence to record who is responsible and what proves the control.
B8: 3. The Summary tab updates automatically with your overall score, tier, and category breakdown.
B9: 4. Re-run quarterly and watch the trend. Movement matters more than any single number.
B11: Maturity scale
B12: 0 Not implemented
B13: 1 Partially implemented
... B25: This is an independent self-assessment aid, not an official ServiceNow product, and not a substitute for a formal audit. Adapt the controls to your release, plugins, and risk profile.

Sheet Scorecard
A1: Category | B1: ID | C1: Control | D1: Why it matters | E1: Criticality | F1: Weight | G1: Maturity (0-3) | H1: Score | I1: Max | J1: Owner | K1: Notes / Evidence
A2: Access Control & Authorization | B2: AC-01 | C2: Least-privilege ACLs; no overly permissive table/field ACLs | D2: Broad ACLs are the most common path to unauthorized data access | E2: Critical | F2: =VLOOKUP(E2,Reference!$A$2:$B$4,2,FALSE()) -> 3 | G2: 0 | H2: =IF(G2="N/A","",F2*G2) -> 0 | I2: =IF(G2="N/A","",F2*3) -> 9
A3: Access Control & Authorization | B3: AC-02 | C3: Default-deny security model enforced (deny unless explicitly allowed) | D3: Without default deny, new tables can be world-readable | E3: Critical | F3: =VLOOKUP(E3,Reference!$A$2:$B$4,2,FALSE()) -> 3 | G3: 0 | H3: =IF(G3="N/A","",F3*G3) -> 0 | I3: =IF(G3="N/A","",F3*3) -> 9
A4: Access Control & Authorization | B4: AC-03 | C4: Admin role membership reviewed and minimized | D4: Excess admins expand the blast radius of any compromised account | E4: Critical | F4: =VLOOKUP(E4,Reference!$A$2:$B$4,2,FALSE()) -> 3 | G4: 0 | H4: =IF(G4="N/A","",F4*G4) -> 0 | I4: =IF(G4="N/A","",F4*3) -> 9
A5: Access Control & Authorization | B5: AC-04 | C5: High-security elevation (security_admin) required for sensitive operations | D5: Elevation prevents standing privileged access | E5: High | F5: =VLOOKUP(E5,Reference!$A$2:$B$4,2,FALSE()) -> 2 | G5: 0 | H5: =IF(G5="N/A","",F5*G5) -> 0 | I5: =IF(G5="N/A","",F5*3) -> 6
A6: Access Control & Authorization | B6: AC-05 | C6: Explicit Roles plugin enabled; roles scoped to least privilege | D6: Limits implicit role inheritance that over-grants access | E6: High | F6: =VLOOKUP(E6,Reference!$A$2:$B$4,2,FALSE()) -> 2 | G6: 0 | H6: =IF(G6="N/A","",F6*G6) -> 0 | I6: =IF(G6="N/A","",F6*3) -> 6
A7: Access Control & Authorization | B7: AC-06 | C7: Row-level / contextual security on sensitive tables | D7: Protects sensitive records beyond table-level ACLs | E7: High | F7: =VLOOKUP(E7,Reference!$A$2:$B$4,2,FALSE()) -> 2 | G7: 0 | H7: =IF(G7="N/A","",F7*G7) -> 0 | I7: =IF(G7="N/A","",F7*3) -> 6
A8: Access Control & Authorization | B8: AC-07 | C8: Guest and public-facing access reviewed and restricted | D8: Public pages are a common unauthenticated exposure | E8: High | F8: =VLOOKUP(E8,Reference!$A$2:$B$4,2,FALSE()) -> 2 | G8: 0 | H8: =IF(G8="N/A","",F8*G8) -> 0 | I8: =IF(G8="N/A","",F8*3) -> 6
A9: Access Control & Authorization | B9: AC-08 | C9: Separation of duties enforced for sensitive role combinations | D9: Prevents one user from holding conflicting privileges | E9: Medium | F9: =VLOOKUP(E9,Reference!$A$2:$B$4,2,FALSE()) -> 1 | G9: 0 | H9: =IF(G9="N/A","",F9*G9) -> 0 | I9: =IF(G9="N/A","",F9*3) -> 3
A10: Authentication & Identity | B10: AU-01 | C10: Strong password policy (length, complexity, history, expiry) | D10: Weak passwords remain a leading breach vector | E10: High | F10: =VLOOKUP(E10,Reference!$A$2:$B$4,2,FALSE()) -> 2 | G10: 0 | H10: =IF(G10="N/A","",F10*G10) -> 0 | I10: =IF(G10="N/A","",F10*3) -> 6
A11: Authentication & Identity | B11: AU-02 | C11: MFA enforced for all interactive users | D11: MFA blocks the majority of credential-based attacks | E11: Critical | F11: =VLOOKUP(E11,Reference!$A$2:$B$4,2,FALSE()) -> 3 | G11: 0 | H11: =IF(G11="N/A","",F11*G11) -> 0 | I11: =IF(G11="N/A","",F11*3) -> 9
A12: Authentication & Identity | B12: AU-03 | C12: MFA required for all privileged and admin accounts | D12: Privileged accounts are the highest-value targets | E12: Critical | F12: =VLOOKUP(E12,Reference!$A$2:$B$4,2,FALSE()) -> 3 | G12: 0 | H12: =IF(G12="N/A","",F12*G12) -> 0 | I12: =IF(G12="N/A","",F12*3) -> 9
A13: Authentication & Identity | B13: AU-04 | C13: SSO/SAML integrated with corporate identity provider | D13: Centralizes identity, deprovisioning, and policy | E13: High | F13: =VLOOKUP(E13,Reference!$A$2:$B$4,2,FALSE()) -> 2 | G13: 0 | H13: =IF(G13="N/A","",F13*G13) -> 0 | I13: =IF(G13="N/A","",F13*3) -> 6
... A52: Email & Notification Security | B52: EM-03 | C52: Sender and spam filtering configured | D52: Reduces phishing and spoofed inbound mail | E52: Medium | F52: =VLOOKUP(E52,Reference!$A$2:$B$4,2,FALSE()) -> 1 | G52: 0 | H52: =IF(G52="N/A","",F52*G52) -> 0 | I52: =IF(G52="N/A","",F52*3) -> 3

Sheet Summary
A1: ServiceNow Instance Security Scorecard
A2: Posture summary | prepared by Jeffrey Bella II
A3: linkedin.com/in/jeffrey-bella-965873112
A4: OVERALL POSTURE
A5: Score | B5: =IF(SUM(Scorecard!I2:I52)=0,"N/A",SUM(Scorecard!H2:H52)/SUM(Scorecard!I2:I52)) -> 0
A6: Maturity tier | B6: =IF(B5="N/A","N/A",VLOOKUP(B5,Reference!$A$7:$B$11,2,TRUE())) -> At Risk
A9: Category | B9: Score | C9: Controls
A10: Access Control & Authorization | B10: =IF(SUMIF(Scorecard!$A$2:$A$52,A10,Scorecard!$I$2:$I$52)=0,"N/A",SUMIF(Scorecard!$A$2:$A$52,A10,Scorecard!$H$2:$H$52)/SUMIF(Scorecard!$A$2:$A$52,A10,Scorecard!$I$2:$I$52)) -> 0 | C10: =COUNTIF(Scorecard!$A$2:$A$52,A10) -> 8
A11: Authentication & Identity | B11: =IF(SUMIF(Scorecard!$A$2:$A$52,A11,Scorecard!$I$2:$I$52)=0,"N/A",SUMIF(Scorecard!$A$2:$A$52,A11,Scorecard!$H$2:$H$52)/SUMIF(Scorecard!$A$2:$A$52,A11,Scorecard!$I$2:$I$52)) -> 0 | C11: =COUNTIF(Scorecard!$A$2:$A$52,A11) -> 6
A12: Session Management | B12: =IF(SUMIF(Scorecard!$A$2:$A$52,A12,Scorecard!$I$2:$I$52)=0,"N/A",SUMIF(Scorecard!$A$2:$A$52,A12,Scorecard!$H$2:$H$52)/SUMIF(Scorecard!$A$2:$A$52,A12,Scorecard!$I$2:$I$52)) -> 0 | C12: =COUNTIF(Scorecard!$A$2:$A$52,A12) -> 5
A13: Instance Hardening | B13: =IF(SUMIF(Scorecard!$A$2:$A$52,A13,Scorecard!$I$2:$I$52)=0,"N/A",SUMIF(Scorecard!$A$2:$A$52,A13,Scorecard!$H$2:$H$52)/SUMIF(Scorecard!$A$2:$A$52,A13,Scorecard!$I$2:$I$52)) -> 0 | C13: =COUNTIF(Scorecard!$A$2:$A$52,A13) -> 7
A14: Service Account Governance | B14: =IF(SUMIF(Scorecard!$A$2:$A$52,A14,Scorecard!$I$2:$I$52)=0,"N/A",SUMIF(Scorecard!$A$2:$A$52,A14,Scorecard!$H$2:$H$52)/SUMIF(Scorecard!$A$2:$A$52,A14,Scorecard!$I$2:$I$52)) -> 0 | C14: =COUNTIF(Scorecard!$A$2:$A$52,A14) -> 7
A15: Data Protection | B15: =IF(SUMIF(Scorecard!$A$2:$A$52,A15,Scorecard!$I$2:$I$52)=0,"N/A",SUMIF(Scorecard!$A$2:$A$52,A15,Scorecard!$H$2:$H$52)/SUMIF(Scorecard!$A$2:$A$52,A15,Scorecard!$I$2:$I$52)) -> 0 | C15: =COUNTIF(Scorecard!$A$2:$A$52,A15) -> 5
A16: Integration & API Security | B16: =IF(SUMIF(Scorecard!$A$2:$A$52,A16,Scorecard!$I$2:$I$52)=0,"N/A",SUMIF(Scorecard!$A$2:$A$52,A16,Scorecard!$H$2:$H$52)/SUMIF(Scorecard!$A$2:$A$52,A16,Scorecard!$I$2:$I$52)) -> 0 | C16: =COUNTIF(Scorecard!$A$2:$A$52,A16) -> 5
A17: Logging & Monitoring | B17: =IF(SUMIF(Scorecard!$A$2:$A$52,A17,Scorecard!$I$2:$I$52)=0,"N/A",SUMIF(Scorecard!$A$2:$A$52,A17,Scorecard!$H$2:$H$52)/SUMIF(Scorecard!$A$2:$A$52,A17,Scorecard!$I$2:$I$52)) -> 0 | C17: =COUNTIF(Scorecard!$A$2:$A$52,A17) -> 5
A18: Email & Notification Security | B18: =IF(SUMIF(Scorecard!$A$2:$A$52,A18,Scorecard!$I$2:$I$52)=0,"N/A",SUMIF(Scorecard!$A$2:$A$52,A18,Scorecard!$H$2:$H$52)/SUMIF(Scorecard!$A$2:$A$52,A18,Scorecard!$I$2:$I$52)) -> 0 | C18: =COUNTIF(Scorecard!$A$2:$A$52,A18) -> 3
A20: Maturity tiers
A21: At Risk | B21: 0 - 25%
A22: Developing | B22: 26 - 50%
A23: Defined | B23: 51 - 75%
A24: Managed | B24: 76 - 90%
A25: Optimized | B25: 91 - 100%

Sheet Reference
A1: Criticality | B1: Weight
A2: Critical | B2: 3
A3: High | B3: 2
A4: Medium | B4: 1
A6: LowerBound | B6: Tier
A7: 0 | B7: At Risk
A8: 0.26 | B8: Developing
A9: 0.51 | B9: Defined
A10: 0.76 | B10: Managed
A11: 0.91 | B11: Optimized
