Workbook

Sheet Start Here
B1: ServiceNow Instance Security Scorecard
B2: A self-assessment of your instance's security posture
B3: Prepared by Jeffrey Bella II
B4: Connect on LinkedIn: linkedin.com/in/jeffrey-bella-965873112
B6: How to use
B7: 1. Go to the Scorecard tab. For each control, set Maturity (0-3) in the yellow column.
B8: 2. Use the Where to check column to find each setting in your instance.
B9: 3. Use Owner and Notes / Evidence to record responsibility and proof.
B10: 4. The Summary tab updates automatically with your score, tier, and category breakdown.
B11: 5. Re-run quarterly and watch the trend. Movement matters more than any single number.
B13: Maturity scale
B14: 0 Not implemented
... B30: This is an independent self-assessment aid, not an official ServiceNow product, and not a substitute for a formal audit. Adapt the controls to your release, plugins, and risk profile.

Sheet Scorecard
A1: Category | B1: ID | C1: Control | D1: Why it matters | E1: Where to check | F1: Criticality | G1: Weight | H1: Maturity (0-3) | I1: Score | J1: Max | K1: Owner | L1: Notes / Evidence
A2: Access Control & Authorization | B2: AC-01 | C2: Least-privilege ACLs; no overly permissive table/field ACLs | D2: Broad ACLs are the most common path to unauthorized data access | E2: System Security > Access Control (ACL); review wildcard and table ACLs | F2: Critical | G2: =VLOOKUP(F2,Reference!$A$2:$B$4,2,FALSE()) -> 3 | H2: 1 | I2: =IF(H2="N/A","",G2*H2) -> 3 | J2: =IF(H2="N/A","",G2*3) -> 9
A3: Access Control & Authorization | B3: AC-02 | C3: Default-deny security model enforced | D3: Without default deny, new tables can be world-readable | E3: Security Center > Hardening (default deny settings) | F3: Critical | G3: =VLOOKUP(F3,Reference!$A$2:$B$4,2,FALSE()) -> 3 | H3: 2 | I3: =IF(H3="N/A","",G3*H3) -> 6 | J3: =IF(H3="N/A","",G3*3) -> 9
A4: Access Control & Authorization | B4: AC-03 | C4: Admin role membership reviewed and minimized | D4: Excess admins expand the blast radius of any compromised account | E4: User Administration > Users; filter by admin role | F4: Critical | G4: =VLOOKUP(F4,Reference!$A$2:$B$4,2,FALSE()) -> 3 | H4: 1 | I4: =IF(H4="N/A","",G4*H4) -> 3 | J4: =IF(H4="N/A","",G4*3) -> 9
A5: Access Control & Authorization | B5: AC-04 | C5: High-security elevation (security_admin) required for sensitive ops | D5: Elevation prevents standing privileged access | E5: Elevate role menu; High Security Settings | F5: High | G5: =VLOOKUP(F5,Reference!$A$2:$B$4,2,FALSE()) -> 2 | H5: 1 | I5: =IF(H5="N/A","",G5*H5) -> 2 | J5: =IF(H5="N/A","",G5*3) -> 6
A6: Access Control & Authorization | B6: AC-05 | C6: Explicit Roles active where external users exist (snc_internal present) | D6: Stops empty role-less ACLs from resolving to open; critical once external users exist | E6: sys_user_role: is snc_internal present? Not shown in the plugin list. Mark N/A if no external users | F6: High | G6: =VLOOKUP(F6,Reference!$A$2:$B$4,2,FALSE()) -> 2 | H6: 0 | I6: =IF(H6="N/A","",G6*H6) -> 0 | J6: =IF(H6="N/A","",G6*3) -> 6
A7: Access Control & Authorization | B7: AC-06 | C7: Row-level / contextual security on sensitive tables | D7: Protects sensitive records beyond table-level ACLs | E7: Access Control (ACL) records on sensitive tables | F7: High | G7: =VLOOKUP(F7,Reference!$A$2:$B$4,2,FALSE()) -> 2 | H7: 1 | I7: =IF(H7="N/A","",G7*H7) -> 2 | J7: =IF(H7="N/A","",G7*3) -> 6
A8: Access Control & Authorization | B8: AC-07 | C8: Guest and public-facing access reviewed and restricted | D8: Public pages are a common unauthenticated exposure | E8: Users (guest/public); Service Portal public pages | F8: High | G8: =VLOOKUP(F8,Reference!$A$2:$B$4,2,FALSE()) -> 2 | H8: 1 | I8: =IF(H8="N/A","",G8*H8) -> 2 | J8: =IF(H8="N/A","",G8*3) -> 6
A9: Access Control & Authorization | B9: AC-08 | C9: Separation of duties enforced for sensitive role combinations | D9: Prevents one user from holding conflicting privileges | E9: Roles and role assignments; review conflicts | F9: Medium | G9: =VLOOKUP(F9,Reference!$A$2:$B$4,2,FALSE()) -> 1 | H9: 0 | I9: =IF(H9="N/A","",G9*H9) -> 0 | J9: =IF(H9="N/A","",G9*3) -> 3
A10: Authentication & Identity | B10: AU-01 | C10: Strong password policy (length, complexity, history, expiry) | D10: Weak passwords remain a leading breach vector | E10: Security Center > Hardening; password properties | F10: High | G10: =VLOOKUP(F10,Reference!$A$2:$B$4,2,FALSE()) -> 2 | H10: 1 | I10: =IF(H10="N/A","",G10*H10) -> 2 | J10: =IF(H10="N/A","",G10*3) -> 6
A11: Authentication & Identity | B11: AU-02 | C11: MFA enforced for all interactive users | D11: MFA blocks the majority of credential-based attacks | E11: Multi-factor authentication setup (glide.authenticate.multifactor) | F11: Critical | G11: =VLOOKUP(F11,Reference!$A$2:$B$4,2,FALSE()) -> 3 | H11: 0 | I11: =IF(H11="N/A","",G11*H11) -> 0 | J11: =IF(H11="N/A","",G11*3) -> 9
A12: Authentication & Identity | B12: AU-03 | C12: MFA required for all privileged and admin accounts | D12: Privileged accounts are the highest-value targets | E12: MFA enforcement scope for admin roles | F12: Critical | G12: =VLOOKUP(F12,Reference!$A$2:$B$4,2,FALSE()) -> 3 | H12: 0 | I12: =IF(H12="N/A","",G12*H12) -> 0 | J12: =IF(H12="N/A","",G12*3) -> 9
A13: Authentication & Identity | B13: AU-04 | C13: SSO/SAML integrated with corporate identity provider | D13: Centralizes identity, deprovisioning, and policy | E13: Multi-Provider SSO configuration | F13: High | G13: =VLOOKUP(F13,Reference!$A$2:$B$4,2,FALSE()) -> 2 | H13: 0 | I13: =IF(H13="N/A","",G13*H13) -> 0 | J13: =IF(H13="N/A","",G13*3) -> 6
... A52: Email & Notification Security | B52: EM-03 | C52: Sender and spam filtering configured | D52: Reduces phishing and spoofed inbound mail | E52: Email properties; sender/spam filtering | F52: Medium | G52: =VLOOKUP(F52,Reference!$A$2:$B$4,2,FALSE()) -> 1 | H52: 1 | I52: =IF(H52="N/A","",G52*H52) -> 1 | J52: =IF(H52="N/A","",G52*3) -> 3

Sheet Summary
A1: ServiceNow Instance Security Scorecard
A2: EXAMPLE - Typical default PDI baseline. Verify every value against your actual instance.
A3: linkedin.com/in/jeffrey-bella-965873112
A4: OVERALL POSTURE
A5: Score | B5: =IF(SUM(Scorecard!J2:J52)=0,"N/A",SUM(Scorecard!I2:I52)/SUM(Scorecard!J2:J52)) -> 0.19713262
A6: Maturity tier | B6: =IF(B5="N/A","N/A",VLOOKUP(B5,Reference!$A$7:$B$11,2,TRUE())) -> At Risk
A9: Category | B9: Score | C9: Controls
A10: Access Control & Authorization | B10: =IF(SUMIF(Scorecard!$A$2:$A$52,A10,Scorecard!$J$2:$J$52)=0,"N/A",SUMIF(Scorecard!$A$2:$A$52,A10,Scorecard!$I$2:$I$52)/SUMIF(Scorecard!$A$2:$A$52,A10,Scorecard!$J$2:$J$52)) -> 0.33333333 | C10: =COUNTIF(Scorecard!$A$2:$A$52,A10) -> 8
A11: Authentication & Identity | B11: =IF(SUMIF(Scorecard!$A$2:$A$52,A11,Scorecard!$J$2:$J$52)=0,"N/A",SUMIF(Scorecard!$A$2:$A$52,A11,Scorecard!$I$2:$I$52)/SUMIF(Scorecard!$A$2:$A$52,A11,Scorecard!$J$2:$J$52)) -> 0.083333333 | C11: =COUNTIF(Scorecard!$A$2:$A$52,A11) -> 6
A12: Session Management | B12: =IF(SUMIF(Scorecard!$A$2:$A$52,A12,Scorecard!$J$2:$J$52)=0,"N/A",SUMIF(Scorecard!$A$2:$A$52,A12,Scorecard!$I$2:$I$52)/SUMIF(Scorecard!$A$2:$A$52,A12,Scorecard!$J$2:$J$52)) -> 0.54166667 | C12: =COUNTIF(Scorecard!$A$2:$A$52,A12) -> 5
A13: Instance Hardening | B13: =IF(SUMIF(Scorecard!$A$2:$A$52,A13,Scorecard!$J$2:$J$52)=0,"N/A",SUMIF(Scorecard!$A$2:$A$52,A13,Scorecard!$I$2:$I$52)/SUMIF(Scorecard!$A$2:$A$52,A13,Scorecard!$J$2:$J$52)) -> 0.20512821 | C13: =COUNTIF(Scorecard!$A$2:$A$52,A13) -> 7
A14: Service Account Governance | B14: =IF(SUMIF(Scorecard!$A$2:$A$52,A14,Scorecard!$J$2:$J$52)=0,"N/A",SUMIF(Scorecard!$A$2:$A$52,A14,Scorecard!$I$2:$I$52)/SUMIF(Scorecard!$A$2:$A$52,A14,Scorecard!$J$2:$J$52)) -> 0 | C14: =COUNTIF(Scorecard!$A$2:$A$52,A14) -> 7
A15: Data Protection | B15: =IF(SUMIF(Scorecard!$A$2:$A$52,A15,Scorecard!$J$2:$J$52)=0,"N/A",SUMIF(Scorecard!$A$2:$A$52,A15,Scorecard!$I$2:$I$52)/SUMIF(Scorecard!$A$2:$A$52,A15,Scorecard!$J$2:$J$52)) -> 0.083333333 | C15: =COUNTIF(Scorecard!$A$2:$A$52,A15) -> 5
A16: Integration & API Security | B16: =IF(SUMIF(Scorecard!$A$2:$A$52,A16,Scorecard!$J$2:$J$52)=0,"N/A",SUMIF(Scorecard!$A$2:$A$52,A16,Scorecard!$I$2:$I$52)/SUMIF(Scorecard!$A$2:$A$52,A16,Scorecard!$J$2:$J$52)) -> 0.18518519 | C16: =COUNTIF(Scorecard!$A$2:$A$52,A16) -> 5
A17: Logging & Monitoring | B17: =IF(SUMIF(Scorecard!$A$2:$A$52,A17,Scorecard!$J$2:$J$52)=0,"N/A",SUMIF(Scorecard!$A$2:$A$52,A17,Scorecard!$I$2:$I$52)/SUMIF(Scorecard!$A$2:$A$52,A17,Scorecard!$J$2:$J$52)) -> 0.125 | C17: =COUNTIF(Scorecard!$A$2:$A$52,A17) -> 5
A18: Email & Notification Security | B18: =IF(SUMIF(Scorecard!$A$2:$A$52,A18,Scorecard!$J$2:$J$52)=0,"N/A",SUMIF(Scorecard!$A$2:$A$52,A18,Scorecard!$I$2:$I$52)/SUMIF(Scorecard!$A$2:$A$52,A18,Scorecard!$J$2:$J$52)) -> 0.33333333 | C18: =COUNTIF(Scorecard!$A$2:$A$52,A18) -> 3
A20: Maturity tiers
A21: At Risk | B21: 0 - 25%
A22: Developing | B22: 26 - 50%
A23: Defined | B23: 51 - 75%
A24: Managed | B24: 76 - 90%
A25: Optimized | B25: 91 - 100%

Sheet Reference
A1: Criticality | B1: Weight
A2: Critical | B2: 3
A3: High | B3: 2
A4: Medium | B4: 1
A6: LowerBound | B6: Tier
A7: 0 | B7: At Risk
A8: 0.26 | B8: Developing
A9: 0.51 | B9: Defined
A10: 0.76 | B10: Managed
A11: 0.91 | B11: Optimized
